open_aea/connections/scaffold,QmZ42VNQKHxG1pWad4GCtD4Z8pwS258xd45KbM8pTgmyFk
open_aea/contracts/scaffold,QmWk6GLpbV3ZSZuhpTqejGdPd6c5iJQCGjo7g4ktW2BdMu
open_aea/protocols/scaffold,QmSV8Xe9eDWvtSxRKZQquMy5d2kcR7FprJtStUD7wb5b3B
open_aea/protocols/signing,QmemReviejNSLrwWqENKL76AtoK17eG8TBbWjpwUT7L3UA
open_aea/skills/scaffold,QmemZUe28kMS72q9zLW6VVzfss2adEgFGwtWinPXzGPmUm
valory/agents/abstract_abci,QmTSfyMj4PGz2GVvhEXfjCyLDf914TNtGPywz7FuHiVhN9
valory/agents/apy_estimation,QmbdAsFLMyWtawPPzuJ6Ft8wt3FWXGQb9roKjWqtoG1zok
valory/agents/apy_estimation_chained,QmbkQ2qFXPo9gnwqeFFtDvtHTF4dqnGTT3QBjKxLvtM5ij
valory/agents/counter,QmSKKWxmMtUP7JonGPkFTNYP4PcXxgnwq9HMmXb7C69EkY
valory/agents/counter_client,QmfEU2U2FfeDQ4LvnbenEsZBnhR7Sy3wRL4iDm2hfxyJtW
valory/agents/hello_world,QmRXo6bdg5M91LAvFRSc19dtsuzfeh4c9Ub8VFfGrobGcg
valory/agents/oracle,QmNkyXJJA7sY8qiw9xkQkYFRjNzbyLEyHzvLXBXgpASUxp
valory/agents/register_reset,QmbEuYPNDpRjP1FNobzBhyBKK1busX3qicTGCNzLLDqAvT
valory/agents/simple_abci,Qmd5JmsesyGCwn8dTRcizZk5zLoWDTq6T59rZGSN8D2oKr
valory/agents/test_abci,QmX9sx7jbvNmvn5xPDYTmcW6nDEKFF2W7gkbvfJeZ9KZFc
valory/connections/abci,QmeP3rHLno4mykgaqdyBUnibZ3jz8GnB1mjo9fXb6uwkhs
valory/connections/http_client,QmWLBDpdcz8idNdqobjBC6ykJCSEpHCjcC1mAoAdJPzmQh
valory/connections/ledger,QmY9fbnunHPtfPfdFk2eUrMKg6PBhHeBWvA9ud1i4uCaFd
valory/connections/p2p_libp2p_client,QmQ6JyAuCZVRLEBWkHYcWmmtAuf3PQFx5WQYHs6CaYxfEv
valory/contracts/gnosis_safe,QmRNdXGRRQBMFXh5ZvtJeYvHt7559kV5r5EYU5JNUdRBKJ
valory/contracts/gnosis_safe_proxy_factory,QmVkZtrgZ2ievXAonq9z33qbrxHi8piVGptuCGaGJYS1iM
valory/contracts/multisend,QmZYrrgrD4qhaUoJD5VrQtZSivbYi463gcmurTp4WV8Zpf
valory/contracts/offchain_aggregator,Qmaftfci6asBewVH3vKGtMJVcAdG71Vm6Qv493uRkT7b2h
valory/contracts/service_registry,QmPi3GuWu9MHgrhWfSp4v2wcmvXx9smXce6EHcd8sKrVzB
valory/contracts/uniswap_v2_erc20,QmWSouBEXuGQdiTmu1ytZnHApDr3Xn4ByopPNTx7Gw9bNj
valory/contracts/uniswap_v2_router_02,QmaBYScH7PfzcU5qw5mgzNW5a59R7pRCWQCSNxr1zACpZt
valory/protocols/abci,QmRXBoBaTYNcpe98SqYJmKVXm6eFfYeS9yuKz7mzzYawNG
valory/protocols/acn,QmU4LYgFAQiTF1hcJjLWx3ZP8d73JvYGuLs5rGMa8LvZyW
valory/protocols/contract_api,QmSobFjLc3baTW1Zf2zfS1X3KJabw7xE6cPJb2g2eAvxSx
valory/protocols/http,QmSAsTD3pidZcrEXk3HQfbZvUDiVTUMHgCrXpXcs744AZE
valory/protocols/ledger_api,QmdMBgcpjL2hvmrxWtFyujMSf6exkFPnUXZqTdnsvrk48r
valory/protocols/tendermint,QmVkBxpZCiXZNMp48DFSqz2TZxfGGWggHjTbogU9beNYvt
valory/services/apy_estimation_hardhat,QmQPj3bpcahPSfWDt4hJjsq1mLocdLWWxL6g4GCpWxyEiw
valory/services/counter,QmRcY2JvVLYXwj7g1RNtwzj2UCVgsWk4hHDYyvaxF2Dbd4
valory/services/oracle_hardhat,QmPCKRmBjKWTxomPjp1m7SQm6SVtv6WYMo2QpbKxKWFc1p
valory/services/oracle_polygon,QmXGywg7JtpNprSmWyY5TB7pcpGdrD54rjM1kxiwpTBXKG
valory/services/oracle_ropsten,QmQeg9ZukdgSQ8ziiwZgA1xB82JFHHyanLeQpsQtMuyYrT
valory/services/oracle_ropsten_cluster,QmNTWPD3x1i8vA9s7W1ZuMQ3FdcRA2FmJD163BL2EBy5kV
valory/services/register_reset,QmR8SQ7irqhUafmhomHPEBW8HNKj2Ah3tugCitj6Xn3UmS
valory/skills/abstract_abci,QmdJQFUTvf7izpNDLUhnnaEZ9YDo8HXbVnA68gUd14ETHX
valory/skills/abstract_round_abci,QmT82wsNT6sana2J7yKTaBNkFpyvgdrmJ6pBjP7MK5kDaF
valory/skills/apy_estimation_abci,QmbabpfPNAaFH4jMHNtdtg38hk5HREXtqbypr5iYRJz5u9
valory/skills/apy_estimation_chained_abci,QmPq69D4uFtjUotHj5kHbAMR3ce3VsZzmrrQ9hkkn9SfCH
valory/skills/counter,QmcsQgJckueBaahBncYSKHq9wmSyxgbgzbnhcyjZus7hFZ
valory/skills/counter_client,QmTJgLYKaeF9zYM4xzVxzXQKiHQkfxkqAvf9wexNT8e8xj
valory/skills/hello_world_abci,QmS7kKbzhTfvTTR4UDJ5KW4Sjr5a7EzARjgEemmNZbECRU
valory/skills/liquidity_provision_abci,QmNoait18ETVoXXyDR8NyDVsduKXVEHiBdxX9U1AuFmhmq
valory/skills/liquidity_rebalancing_abci,QmPAo5gBySXao1uACdDT1tDx82dVZhyNf2ufW7zqSDHHea
valory/skills/oracle_abci,Qmavp81f1Hnv6bb8K2QRRaLpsxq4815LFj7wYLQP2WdZ9S
valory/skills/oracle_deployment_abci,QmWDnrEsd5DpV8g4FoiEzhfepK67ZbpviW98SLkojDZpcE
valory/skills/price_estimation_abci,QmR3Q4CrQLEPbFFHAy47fYUsaeNi8gpzLSQFrxWuJ1jHP6
valory/skills/register_reset_abci,Qme8CjHYq1UXqo2sTNy12aDsPumXyjGxipXEQFehwNTxpV
valory/skills/registration_abci,QmWnxB42o25DuRbY4Vhaky5rdF3dJgRwy6VgiFeoL25eCX
valory/skills/reset_pause_abci,QmTzz8PXTkJeVkwRSTNRXE8Ezhmzirm8kPtuRSYfz8E3ii
valory/skills/safe_deployment_abci,QmQpUUCaEgH6sE3vitaekoQsjU8tzAHoLxvTyxwk4bUrc2
valory/skills/simple_abci,QmbrugTF7k4qYj2iTw2JKVToxiH3JF1kPGeF2qwrvrwn7g
valory/skills/test_abci,QmaVoH6jMpaSwqCtMYP6Qbs5chwdNUZ86TnUhnpg7uboFj
valory/skills/transaction_settlement_abci,QmTo44T76uuh8dFa8kc4kVrQmxmvYecKp64fTKKT8PWn2o
